{"State-gov":0.764964678030027,"Bachelors":0.9637039510222569,"Never-married":0.09439375125633487,"Adm-clerical":0.5780803549025157,"Not-in-family":0.7433829557144165,"White":0.7312799200998745,"Male":0.9501520349992505,"United-States":0.21978097422780318,"<=50K":0,"Self-emp-not-inc":0.8811824315800674,"Married-civ-spouse":0.8688117380089957,"Exec-managerial":0.5868191317540643,"Husband":0.32818068392264843,"Private":0.9581123848854107,"HS-grad":0.9899278116331831,"Divorced":0.18223442442078897,"Handlers-cleaners":0.5632195788826067,"Black":0.217934433958481,"Prof-specialty":0.5978917176445866,"Wife":0.44582150731900727,"Female":0.26253982265836195,"Cuba":0.8353887669664297,"Masters":0.7117872391213325,"Married-spouse-absent":0.32402148148794785,"Other-service":0.5878906782105608,"Jamaica":0.573034088478694,">50K":1,"Some-college":0.36865948609150934,"Asian-Pac-Islander":0.3941636217534201,"India":0.3490295875190159,"Own-child":0.08882035827463408,"Assoc-acdm":0.9972586262349381,"Sales":0.2814253130849287,"Assoc-voc":0.575749652524151,"Craft-repair":0.49569304545543824,"?":0.34285756678602763,"Transport-moving":0.6946383234826181,"Amer-Indian-Eskimo":0.581625276687685,"Mexico":0.5823773965822172,"Farming-fishing":0.7393229886503017,"Machine-op-inspct":0.5206293673637195,"Unmarried":0.5258764916151895,"Doctorate":0.7814532275468797,"Separated":0.151415277420762,"Federal-gov":0.24231109804186368,"Tech-support":0.05256129323898895,"Local-gov":0.03637233106401716,"South":0.6334876595486139,"Protective-serv":0.552372592522395,"Puerto-Rico":0.06841269078561374,"Married-AF-spouse":0.35741493458944107,"Other":0.3938051677191279,"Prof-school":0.6536559578853567,"Honduras":0.33815867690354406,"Self-emp-inc":0.35679217175252886,"Other-relative":0.7441874385190055,"England":0.49301285850344634,"Canada":0.1295902587475397,"Germany":0.9128698961198729,"Iran":0.3822463347014884,"Widowed":0.3613982000095015,"Philippines":0.09141983567887779,"Italy":0.05109528031502819,"Poland":0.5491439806780873,"Preschool":0.7200316819608865,"Columbia":0.8386476437666972,"Cambodia":0.4671652435689624,"Thailand":0.8034657745266058,"Ecuador":0.813788225124846,"Laos":0.8690956549371638,"Taiwan":0.846654991894012,"Haiti":0.3546139430338098,"Portugal":0.8320537020784013,"Dominican-Republic":0.32816968661092316,"Armed-Forces":0.36602602744861334,"El-Salvador":0.4507384872168827,"France":0.7222055896165291,"Priv-house-serv":0.8329849386337431,"Guatemala":0.26068022074322217,"China":0.7094546715305365,"Japan":0.5898811072823618,"Yugoslavia":0.3015331549940412,"Peru":0.6619172632930623,"Outlying-US(Guam-USVI-etc)":0.28004045968355795,"Scotland":0.3532954103761037,"Trinadad&Tobago":0.06391442456076923,"Greece":0.9974047790618459,"Without-pay":0.5360161541929358,"Nicaragua":0.27637412430703145,"Vietnam":0.3392771003465529,"Hong":0.2853967366197876,"Ireland":0.850532624131247,"Never-worked":0.016734907861451154,"Hungary":0.1475366317620772,"Holand-Netherlands":0.28027837271664313,"":0.04372756611915185,"<=50K.":0.9867452914723094,">50K.":0.2995663233422503}